{
  "framework": "nextjs",
  "buildCommand": "npm run build",
  "devCommand": "npm run dev",
  "installCommand": "npm install",
  "regions": ["iad1"],
  "env": {
    "NEXT_PUBLIC_SUPABASE_URL": "@supabase_url",
    "NEXT_PUBLIC_SUPABASE_ANON_KEY": "@supabase_anon_key",
    "SUPABASE_SERVICE_ROLE_KEY": "@supabase_service_role_key",
    "OPENAI_API_KEY": "@openai_api_key",
    "LEMON_SQUEEZY_API_KEY": "@lemon_squeezy_api_key",
    "LEMON_SQUEEZY_STORE_ID": "@lemon_squeezy_store_id",
    "LEMON_SQUEEZY_MONTHLY_VARIANT_ID": "@lemon_squeezy_monthly_variant_id",
    "LEMON_SQUEEZY_LIFETIME_VARIANT_ID": "@lemon_squeezy_lifetime_variant_id",
    "LEMON_SQUEEZY_WEBHOOK_SECRET": "@lemon_squeezy_webhook_secret",
    "ZAPIER_BEEHIIV_WEBHOOK_URL": "@zapier_beehiiv_webhook",
    "ZAPIER_SUBSTACK_WEBHOOK_URL": "@zapier_substack_webhook"
  },
  "headers": [
    {
      "source": "/api/(.*)",
      "headers": [
        { "key": "Access-Control-Allow-Credentials", "value": "true" },
        { "key": "Access-Control-Allow-Origin", "value": "*" },
        { "key": "Access-Control-Allow-Methods", "value": "GET,POST,OPTIONS" },
        { "key": "Access-Control-Allow-Headers", "value": "Content-Type, Authorization" }
      ]
    }
  ]
}
